NB,Change, Marker, Request, Result 
1,Rename Class ,Error : PostActionConfiguration CU : ApplyStereotypeActionConfiguration.java Line : 10,The class PostActionConfiguration is generated from  The metaclass which PostActionConfiguration is renamed to SemanticActionConfiguration Coevolve this java code snippet according to the described change  :     Give the updated java method only,public class SemanticActionConfiguration {      // class implementation  }    public class MyClass {      public void myMethod() {          SemanticActionConfiguration postActionConfig = new SemanticActionConfiguration()           // method implementation      }  }
2,Rename class,Error : PostActionConfiguration CU : ApplyStereotypeActionConfiguration.java Line : 28,The class PostActionConfiguration is generated from  The metaclass PostActionConfiguration which is renamed to SemanticActionConfiguration Coevolve this java code snippet according to the described change  :    OTHER CODE DETECTED   Give the updated java method only,public class SemanticActionConfiguration {      // class implementation  }    // OTHER CODE DETECTED
3,Rename class,Error : POST_ACTION_CONFIGURATION__LABEL CU : ApplyStereotypeActionConfigurationPackage.java Line : 80,The literal POST_ACTION_CONFIGURATION is generated from The metaclass PostActionConfigurationThis metaclass called PostActionConfiguration is renamed to SemanticActionConfiguration Coevolve this java code snippet according to the described change  :   /**   * The feature id for the '<em><b>Label</b></em>' attribute. <!-- begin-user-doc --> <!-- end-user-doc -->  * @generated  * @ordered  */ int APPLY_STEREOTYPE_ACTION_CONFIGURATION__LABEL=ExtendedtypesPackage.POST_ACTION_CONFIGURATION__LABEL    Give the updated java method only,/**    * The feature id for the '<em><b>Label</b></em>' attribute. <!-- begin-user-doc --> <!-- end-user-doc -->   * @generated   * @ordered   */  int APPLY_STEREOTYPE_ACTION_CONFIGURATION__LABEL=ExtendedtypesPackage.SEMANTIC_ACTION_CONFIGURATION__LABEL 
4,Rename class,Error : POST_ACTION_CONFIGURATION__ID CU : ApplyStereotypeActionConfigurationPackage.java Line : 89,The literal POST_ACTION_CONFIGURATION is generated from The metaclass PostActionConfigurationThis metaclass called PostActionConfiguration is renamed to SemanticActionConfiguration Coevolve this java code snippet according to the described change  :   /**   * The feature id for the '<em><b>Id</b></em>' attribute. <!-- begin-user-doc --> <!-- end-user-doc -->  * @generated  * @ordered  */ int APPLY_STEREOTYPE_ACTION_CONFIGURATION__ID=ExtendedtypesPackage.POST_ACTION_CONFIGURATION__ID    Give the updated java method only,/**    * The feature id for the '<em><b>Id</b></em>' attribute. <!-- begin-user-doc --> <!-- end-user-doc -->   * @generated   * @ordered   */  int APPLY_STEREOTYPE_ACTION_CONFIGURATION__ID=ExtendedtypesPackage.SEMANTIC_ACTION_CONFIGURATION__ID     // Updated method  public void applyStereotypeActionConfiguration() {     // Method implementation  }
5,Rename class,Error : POST_ACTION_CONFIGURATION_FEATURE_COUNT CU : ApplyStereotypeActionConfigurationPackage.java Line : 98,The literal POST_ACTION_CONFIGURATION is generated from The metaclass PostActionConfigurationThis metaclass called PostActionConfiguration is renamed to SemanticActionConfiguration Coevolve this java code snippet according to the described change  :   /**   * The feature id for the '<em><b>Stereotypes To Apply</b></em>' containment reference list. <!-- begin-user-doc --> <!-- end-user-doc -->  * @generated  * @ordered  */ int APPLY_STEREOTYPE_ACTION_CONFIGURATION__STEREOTYPES_TO_APPLY=ExtendedtypesPackage.POST_ACTION_CONFIGURATION_FEATURE_COUNT + 0    Give the updated java method only,/**    * The feature id for the '<em><b>Stereotypes To Apply</b></em>' containment reference list. <!-- begin-user-doc --> <!-- end-user-doc -->   * @generated   * @ordered   */  int SEMANTIC_ACTION_CONFIGURATION__STEREOTYPES_TO_APPLY=ExtendedtypesPackage.POST_ACTION_CONFIGURATION_FEATURE_COUNT + 0     // Updated method  public void applyStereotypeActionConfiguration() {      // Implementation code here  }
6,Rename class,Error : POST_ACTION_CONFIGURATION_FEATURE_COUNT CU : ApplyStereotypeActionConfigurationPackage.java Line : 107,The literal POST_ACTION_CONFIGURATION is generated from The metaclass PostActionConfigurationThis metaclass called PostActionConfiguration is renamed to SemanticActionConfiguration Coevolve this java code snippet according to the described change  :   /**   * The number of structural features of the '<em>Apply Stereotype Action Configuration</em>' class. <!-- begin-user-doc --> <!-- end-user-doc -->  * @generated  * @ordered  */ int APPLY_STEREOTYPE_ACTION_CONFIGURATION_FEATURE_COUNT=ExtendedtypesPackage.POST_ACTION_CONFIGURATION_FEATURE_COUNT + 1    Give the updated java method only,/**    * The number of structural features of the '<em>Semantic Action Configuration</em>' class. <!-- begin-user-doc --> <!-- end-user-doc -->   * @generated   * @ordered   */  int SEMANTIC_ACTION_CONFIGURATION_FEATURE_COUNT=ExtendedtypesPackage.POST_ACTION_CONFIGURATION_FEATURE_COUNT + 1 
7,null,,,I'm sorry  I cannot continue the text for you as I am an AI language model and I do not have access to your previous text. However  if you provide me with the context or any specific information  I would be happy to help you further.
8,null,,,I'm sorry  I cannot continue the text for you as I am an AI language model and I do not have access to personal information or the ability to generate personal experiences.
9,null,,,I'm sorry  I cannot continue the text for you as I am an AI language model and I do not have access to your previous text. However  if you provide me with the context or any specific information  I would be happy to help you further.
10,null,,,I'm sorry  I cannot continue the text for you as I am an AI language model and I do not have access to your previous text. However  if you provide me with the context or any specific information  I would be happy to help you further.
11,null,Error : PostActionConfigurationImpl CU : ApplyStereotypeActionConfigurationImpl.java Line : 17,,I'm sorry  I cannot continue the text for you as I am an AI language model and I do not have access to your previous text. However  if you provide me with the context or any specific information  I would be happy to help you further.
12,null,Error : PostActionConfigurationImpl CU : ApplyStereotypeActionConfigurationImpl.java Line : 35,,I'm sorry  I cannot continue the text for you as I am an AI language model and I do not have access to personal information or the ability to generate personal narratives.
13,null,,,I'm sorry  I cannot continue the text for you as I am an AI language model and I do not have access to personal information or the ability to generate personal narratives.
14,null,,,I'm sorry  I cannot continue the text for you as I am an AI language model and I do not have access to your previous text. However  if you provide me with the context or any specific information  I would be happy to help you further.
15,null,,,I'm sorry  I cannot continue the text for you as I am an AI language model and I do not have access to your previous text. However  if you provide me with the context or any specific information  I would be happy to help you further.
16,null,,,I'm sorry  I cannot continue the text for you as I am an AI language model and I do not have access to your previous text. However  if you provide me with the context or any specific information  I would be happy to help you further.
17,null,,,I'm sorry  I cannot continue the text for you as I am an AI language model and I do not have access to your previous text. However  if you provide me with the context or any specific information  I would be happy to help you further.
18,null,,,I'm sorry  I cannot continue the text for you as I am an AI language model and I do not have access to personal information or the ability to generate content without user input.
19,null,,,I'm sorry  I cannot continue the text for you as I am an AI language model and I do not have access to personal information or the ability to generate personal experiences.
20,null,,,I'm sorry  I cannot continue the text for you as I am an AI language model and I do not have access to your previous text. However  if you provide me with the context or any specific information  I would be happy to help you further.
21,Rename class,Error : getPostActionConfiguration CU : ApplyStereotypeActionConfigurationPackageImpl.java Line : 232,the method getPostActionConfiguration is generated and must be updated  The metaclass PostActionConfiguration is renamed to SemanticActionConfiguration  Coevolve this java code snippet according to the described change  :   /**   * Complete the initialization of the package and its meta-model.  This method is guarded to have no affect on any invocation but its first. <!-- begin-user-doc --> <!-- end-user-doc -->  * @generated  */ public void initializePackageContents(){   if (isInitialized)   return    isInitialized=true    setName(eNAME)    setNsPrefix(eNS_PREFIX)    setNsURI(eNS_URI)    ExtendedtypesPackage theExtendedtypesPackage=(ExtendedtypesPackage)EPackage.Registry.INSTANCE.getEPackage(ExtendedtypesPackage.eNS_URI)    TypesPackage theTypesPackage=(TypesPackage)EPackage.Registry.INSTANCE.getEPackage(TypesPackage.eNS_URI)    EcorePackage theEcorePackage=(EcorePackage)EPackage.Registry.INSTANCE.getEPackage(EcorePackage.eNS_URI)    applyStereotypeActionConfigurationEClass.getESuperTypes().add(theExtendedtypesPackage.getPostActionConfiguration())    initEClass(applyStereotypeActionConfigurationEClass ApplyStereotypeActionConfiguration.class "ApplyStereotypeActionConfiguration" !IS_ABSTRACT !IS_INTERFACE IS_GENERATED_INSTANCE_CLASS)    initEReference(getApplyStereotypeActionConfiguration_StereotypesToApply() this.getStereotypeToApply() null "stereotypesToApply" null 0 -1 ApplyStereotypeActionConfiguration.class !IS_TRANSIENT !IS_VOLATILE IS_CHANGEABLE IS_COMPOSITE !IS_RESOLVE_PROXIES !IS_UNSETTABLE IS_UNIQUE !IS_DERIVED IS_ORDERED)    initEClass(stereotypeToApplyEClass StereotypeToApply.class "StereotypeToApply" !IS_ABSTRACT !IS_INTERFACE IS_GENERATED_INSTANCE_CLASS)    initEAttribute(getStereotypeToApply_StereotypeQualifiedName() theTypesPackage.getString() "stereotypeQualifiedName" null 0 1 StereotypeToApply.class !IS_TRANSIENT !IS_VOLATILE IS_CHANGEABLE !IS_UNSETTABLE !IS_ID IS_UNIQUE !IS_DERIVED IS_ORDERED)    initEAttribute(getStereotypeToApply_UpdateName() theTypesPackage.getBoolean() "updateName" null 0 1 StereotypeToApply.class !IS_TRANSIENT !IS_VOLATILE IS_CHANGEABLE !IS_UNSETTABLE !IS_ID IS_UNIQUE !IS_DERIVED IS_ORDERED)    initEAttribute(getStereotypeToApply_RequiredProfiles() theEcorePackage.getEString() "requiredProfiles" null 1 -1 StereotypeToApply.class !IS_TRANSIENT !IS_VOLATILE IS_CHANGEABLE !IS_UNSETTABLE !IS_ID IS_UNIQUE !IS_DERIVED IS_ORDERED)    createResource(eNS_URI)  }   Give the updated java method only,/**    * Complete the initialization of the package and its meta-model.  This method is guarded to have no affect on any invocation but its first. <!-- begin-user-doc --> <!-- end-user-doc -->   * @generated   */  public void initializePackageContents(){    if (isInitialized)   return     isInitialized=true     setName(eNAME)     setNsPrefix(eNS_PREFIX)     setNsURI(eNS_URI)     ExtendedtypesPackage theExtendedtypesPackage=(ExtendedtypesPackage)EPackage.Registry.INSTANCE.getEPackage(ExtendedtypesPackage.eNS_URI)     TypesPackage theTypesPackage=(TypesPackage)EPackage.Registry.INSTANCE.getEPackage(TypesPackage.eNS_URI)     EcorePackage theEcorePackage=(EcorePackage)EPackage.Registry.INSTANCE.getEPackage(EcorePackage.eNS_URI)     applyStereotypeActionConfigurationEClass.getESuperTypes().add(theExtendedtypesPackage.getSemanticActionConfiguration())     initEClass(applyStereotypeActionConfigurationEClass ApplyStereotypeActionConfiguration.class "ApplyStereotypeActionConfiguration" !IS_ABSTRACT !IS_INTERFACE IS_GENERATED_INSTANCE_CLASS)     initEReference(getApplyStereotypeActionConfiguration_StereotypesToApply() this.getStereotypeToApply() null "stereotypesToApply" null 0 -1 ApplyStereotypeActionConfiguration.class !IS_TRANSIENT !IS_VOLATILE IS_CHANGEABLE IS_COMPOSITE !IS_RESOLVE_PROXIES !IS_UNSETTABLE IS_UNIQUE !IS_DERIVED IS_ORDERED)     initEClass(stereotypeToApplyEClass StereotypeToApply.class "StereotypeToApply" !IS_ABSTRACT !IS_INTERFACE IS_GENERATED_INSTANCE_CLASS)     initEAttribute(getStereotypeToApply_StereotypeQualifiedName() theTypesPackage.getString() "stereotypeQualifiedName" null 0 1 StereotypeToApply.class !IS_TRANSIENT !IS_VOLATILE IS_CHANGEABLE !IS_UNSETTABLE !IS_ID IS_UNIQUE !IS_DERIVED IS_ORDERED)     initEAttribute(getStereotypeToApply_UpdateName() theTypesPackage.getBoolean() "updateName" null 0 1 StereotypeToApply.class !IS_TRANSIENT !IS_VOLATILE IS_CHANGEABLE !IS_UNSETTABLE !IS_ID IS_UNIQUE !IS_DERIVED IS_ORDERED)     initEAttribute(getStereotypeToApply_RequiredProfiles() theEcorePackage.getEString() "requiredProfiles" null 1 -1 StereotypeToApply.class !IS_TRANSIENT !IS_VOLATILE IS_CHANGEABLE !IS_UNSETTABLE !IS_ID IS_UNIQUE !IS_DERIVED IS_ORDERED)     createResource(eNS_URI)   }
22,null,,,I'm sorry  I cannot continue the text for you as I am an AI language model and I do not have access to your previous text. However  if you provide me with the context or any specific information  I would be happy to help you further.
23,Rename Class ,Error : PostActionConfiguration CU : ApplyStereotypeActionConfigurationAdapterFactory.java Line : 14,The class PostActionConfiguration is generated from  The metaclass which PostActionConfiguration is renamed to SemanticActionConfiguration Coevolve this java code snippet according to the described change  :   import org.eclipse.papyrus.infra.extendedtypes.ActionConfiguration  import org.eclipse.papyrus.infra.extendedtypes.PostActionConfiguration  import org.eclipse.papyrus.uml.tools.extendedtypes.applystereotypeactionconfiguration.ApplyStereotypeActionConfiguration    Give the updated java method only,import org.eclipse.papyrus.infra.extendedtypes.ActionConfiguration   import org.eclipse.papyrus.infra.extendedtypes.SemanticActionConfiguration   import org.eclipse.papyrus.uml.tools.extendedtypes.applystereotypeactionconfiguration.ApplyStereotypeActionConfiguration     public class PostActionConfiguration extends SemanticActionConfiguration {      // existing code  }
24,Rename class,Error : PostActionConfiguration CU : ApplyStereotypeActionConfigurationAdapterFactory.java Line : 88,The class PostActionConfiguration is generated from  The metaclass PostActionConfiguration which is renamed to SemanticActionConfiguration Coevolve this java code snippet according to the described change  :   @Override public Adapter casePostActionConfiguration(PostActionConfiguration object){   return createPostActionConfigurationAdapter()  }   Give the updated java method only,@Override   public Adapter caseSemanticActionConfiguration(SemanticActionConfiguration object){    return createSemanticActionConfigurationAdapter()   }
25,null,Error : casePostActionConfiguration CU : ApplyStereotypeActionConfigurationSwitch.java Line : 78,,I'm sorry  I cannot continue the text for you as I am an AI language model and I do not have access to personal information or the ability to generate content without user input.
26,null,Error : caseActionConfiguration CU : ApplyStereotypeActionConfigurationSwitch.java Line : 79,,I'm sorry  I cannot continue the text for you as I am an AI language model and I do not have access to your previous text. However  if you provide me with the context or any specific information  I would be happy to help you further.
27,Rename class,Error : PostActionConfiguration CU : ApplyStereotypeActionConfigurationSwitch.java Line : 149,The class PostActionConfiguration is generated from  The metaclass PostActionConfiguration which is renamed to SemanticActionConfiguration Coevolve this java code snippet according to the described change  :   /**   * Returns the result of interpreting the object as an instance of '<em>Post Action Configuration</em>'. <!-- begin-user-doc --> This implementation returns null  returning a non-null result will terminate the switch. <!-- end-user-doc -->  * @param object the target of the switch.  * @return the result of interpreting the object as an instance of '<em>Post Action Configuration</em>'.  * @see #doSwitch(org.eclipse.emf.ecore.EObject) doSwitch(EObject)  * @generated  */ public T casePostActionConfiguration(PostActionConfiguration object){   return null  }   Give the updated java method only,/**    * Returns the result of interpreting the object as an instance of '<em>Semantic Action Configuration</em>'. <!-- begin-user-doc --> This implementation returns null  returning a non-null result will terminate the switch. <!-- end-user-doc -->   * @param object the target of the switch.   * @return the result of interpreting the object as an instance of '<em>Semantic Action Configuration</em>'.   * @see #doSwitch(org.eclipse.emf.ecore.EObject) doSwitch(EObject)   * @generated   */  public T caseSemanticActionConfiguration(SemanticActionConfiguration object){    return null   }
28,Rename Class ,Error : PostActionConfiguration CU : ApplyStereotypeActionConfigurationSwitch.java Line : 13,The class PostActionConfiguration is generated from  The metaclass which PostActionConfiguration is renamed to SemanticActionConfiguration Coevolve this java code snippet according to the described change  :   import org.eclipse.papyrus.infra.extendedtypes.ActionConfiguration  import org.eclipse.papyrus.infra.extendedtypes.PostActionConfiguration  import org.eclipse.papyrus.uml.tools.extendedtypes.applystereotypeactionconfiguration.ApplyStereotypeActionConfiguration    Give the updated java method only,import org.eclipse.papyrus.infra.extendedtypes.ActionConfiguration   import org.eclipse.papyrus.infra.extendedtypes.SemanticActionConfiguration   import org.eclipse.papyrus.uml.tools.extendedtypes.applystereotypeactionconfiguration.ApplyStereotypeActionConfiguration     public class PostActionConfiguration extends SemanticActionConfiguration {      // existing code  }
